asli\prediksi,A,B,C,D,E,F,G,H,I,J,K,L,M,N,O,P,Q,R,S,T,U,V,W,X,Y,Z
A,51,0,0,0,0,0,0,0,0,0,0,1,0,0,0,2,0,0,0,1,0,0,0,0,0,0
B,0,61,0,0,3,2,0,0,0,0,0,0,1,0,0,0,0,0,0,0,0,0,1,0,0,0
C,0,0,69,3,0,0,0,0,0,0,0,0,0,0,0,0,0,0,1,0,0,0,0,0,0,0
D,0,0,1,74,0,0,0,0,0,0,0,0,0,0,0,0,0,0,1,1,0,0,0,0,0,0
E,0,0,0,0,73,0,0,0,0,0,0,0,0,0,0,0,0,0,0,0,0,0,0,0,0,0
F,0,2,0,0,0,66,2,0,0,0,2,0,0,0,0,0,0,0,0,0,0,0,0,0,0,0
G,0,0,0,0,0,0,66,0,0,0,1,0,0,0,0,1,0,0,0,0,0,0,0,0,0,1
H,0,0,0,0,0,3,0,64,0,0,0,0,0,0,0,0,0,0,0,0,0,0,0,0,1,0
I,0,0,0,0,0,0,0,0,84,0,0,0,0,0,0,0,0,0,0,0,0,0,0,0,0,0
J,0,0,0,0,0,0,0,0,0,80,0,0,0,0,0,0,0,0,0,0,0,0,0,0,1,0
K,0,1,0,0,0,0,0,0,0,0,60,0,0,0,0,0,0,0,0,0,0,0,0,0,0,0
L,1,0,0,0,0,0,0,1,0,0,0,72,0,0,0,1,0,0,0,1,1,0,0,0,0,0
M,0,0,0,0,0,0,0,0,0,0,0,0,87,2,0,0,0,0,0,0,0,0,0,0,0,0
N,0,0,0,0,0,0,0,0,0,0,0,0,5,83,0,0,0,0,0,0,0,0,0,0,0,0
O,0,0,0,0,0,0,0,0,0,0,0,0,0,0,72,0,0,0,0,0,0,0,0,0,0,0
P,2,0,0,1,0,1,0,0,0,0,0,0,0,0,0,83,1,0,0,0,0,0,0,0,0,0
Q,1,0,0,0,0,0,0,0,0,0,0,0,0,0,1,1,64,0,2,0,0,0,0,0,0,0
R,0,0,0,1,0,0,0,0,0,0,0,1,0,0,0,0,0,76,1,0,0,0,0,1,0,0
S,0,0,0,2,0,0,0,0,0,0,0,0,0,0,0,0,0,0,73,1,0,0,0,0,0,0
T,0,0,0,0,0,0,0,0,0,0,1,0,0,0,0,0,0,1,0,66,0,0,0,0,0,0
U,0,0,0,0,0,0,0,0,0,0,0,0,0,0,0,0,0,1,0,0,75,0,0,0,0,0
V,0,0,0,0,0,0,0,0,0,0,0,0,0,0,0,0,0,0,0,0,0,83,0,0,1,0
W,0,0,0,0,0,0,0,0,0,0,0,1,0,0,0,0,0,0,0,0,0,0,64,0,0,0
X,3,0,0,0,0,0,1,0,0,0,0,0,0,0,0,0,0,0,1,1,0,0,0,66,0,0
Y,0,0,0,0,0,0,0,0,0,0,0,1,0,1,0,0,0,2,0,0,1,0,1,0,48,0
Z,0,0,0,0,0,1,0,0,0,0,0,0,0,0,0,0,0,0,1,0,0,0,0,0,0,69
