asli\prediksi,Air,Belajar,Cari,Hari,Ingat,Lagi,Maaf,Makan,Motor,Saya,Terima kasih,Tuli,Apa,Siapa,Kapan,Di mana,Mengapa,Bagaimana,Merah,Kuning,Hijau,Hitam,Dengar,Berangkat,Datang,Teman,Keluarga,Rumah,Pagi,Siang,Sore,Malam
Air,0,0,0,0,0,0,0,0,0,0,3,0,3,0,1,0,0,0,0,0,0,0,0,0,5,0,0,0,0,0,11,14
Belajar,0,0,0,0,0,0,0,0,0,0,0,0,0,0,0,0,0,0,0,0,2,0,0,0,0,0,0,0,0,2,19,0
Cari,1,0,0,0,0,0,0,0,0,0,0,0,1,0,0,0,0,17,0,0,0,0,0,1,0,1,0,0,0,0,12,0
Hari,0,0,0,5,0,0,0,0,0,0,1,0,0,0,0,0,0,0,0,0,0,0,0,0,6,0,0,0,0,14,15,2
Ingat,0,1,0,0,0,0,0,0,0,0,1,0,1,0,1,0,0,0,0,0,0,0,0,0,0,0,0,0,0,1,28,0
Lagi,0,0,0,0,0,0,0,0,0,0,0,0,0,0,0,0,0,0,0,0,0,0,0,0,0,0,0,0,0,0,0,0
Maaf,0,0,0,0,0,0,0,0,0,0,0,0,0,0,2,0,0,0,0,0,0,0,0,1,0,0,0,0,0,0,24,0
Makan,0,0,0,0,0,0,0,0,0,0,2,0,0,0,0,0,0,0,0,0,0,0,0,1,0,0,0,0,0,1,19,0
Motor,0,0,0,0,0,0,0,0,4,0,0,0,0,0,0,0,0,28,0,0,0,0,0,0,0,1,0,3,0,0,0,0
Saya,9,0,0,0,0,0,0,0,0,1,8,0,2,0,0,0,0,9,0,0,0,0,0,0,0,0,0,0,0,0,9,0
Terima kasih,3,0,0,0,0,0,0,7,0,0,10,0,0,0,0,0,1,4,0,0,0,0,0,0,12,0,0,0,0,0,3,0
Tuli,24,0,0,0,0,0,0,0,0,6,0,0,0,0,0,0,0,2,0,0,0,0,0,0,1,0,0,0,0,0,7,0
Apa,1,0,0,0,0,0,0,0,0,0,7,0,0,0,3,0,0,14,0,0,0,0,0,0,3,0,0,0,0,0,9,2
Siapa,0,0,0,0,0,0,0,0,0,0,0,0,0,0,4,0,0,26,0,0,0,0,0,6,15,1,0,0,0,0,0,0
Kapan,0,0,0,0,0,0,0,0,0,0,7,0,0,0,8,0,0,6,0,0,0,0,0,1,0,0,0,0,0,0,6,0
Di mana,1,0,0,0,0,0,0,0,0,0,16,0,0,0,3,0,0,8,0,0,0,0,0,2,0,0,0,0,0,0,7,0
Mengapa,0,0,0,0,0,0,0,0,1,0,0,0,0,0,0,0,0,3,0,0,1,0,0,2,7,0,1,0,0,0,17,0
Bagaimana,0,0,0,0,0,0,0,0,4,0,0,0,0,0,0,0,0,32,0,0,0,0,0,0,0,0,0,1,0,0,1,0
Merah,12,0,0,1,0,0,0,0,0,0,1,0,2,0,3,0,0,14,0,0,0,0,0,1,4,0,0,0,0,0,8,0
Kuning,0,0,0,0,0,0,0,0,0,0,0,0,0,0,0,0,0,0,0,2,0,0,0,0,0,0,0,0,0,1,5,0
Hijau,0,0,0,0,0,0,0,0,0,0,0,0,0,0,0,0,0,0,0,0,0,0,0,0,0,0,0,0,0,0,8,0
Hitam,0,0,0,0,0,0,0,0,0,0,0,0,0,0,0,0,0,0,0,0,0,0,0,0,0,0,0,0,0,0,3,1
Dengar,0,0,0,0,0,0,0,0,0,0,0,0,0,0,0,0,0,0,0,0,0,0,5,0,0,0,0,0,0,0,5,0
Berangkat,0,0,0,0,0,0,0,0,0,0,0,0,2,0,2,0,0,0,0,0,0,0,0,0,0,0,0,0,0,0,28,0
Datang,0,0,0,2,0,0,0,0,0,0,0,0,0,0,0,0,0,0,0,0,0,0,0,0,0,0,0,0,0,9,9,1
Teman,0,0,0,0,0,0,0,0,13,0,0,0,0,0,0,0,0,2,0,0,0,0,0,0,0,5,0,8,0,0,0,0
Keluarga,0,0,0,0,0,0,0,0,0,0,0,0,0,0,0,0,0,0,0,0,0,0,0,0,0,0,0,0,0,1,4,0
Rumah,0,0,0,0,0,0,0,0,0,0,0,0,0,0,0,0,0,0,0,0,0,0,0,0,0,0,0,2,0,0,0,0
Pagi,0,0,0,0,0,0,0,0,0,0,0,0,0,0,0,0,0,0,0,3,0,0,0,0,0,0,0,0,0,6,0,1
Siang,0,0,0,0,0,0,0,0,0,0,0,0,0,0,0,0,0,0,0,0,0,0,0,0,0,0,0,0,0,3,1,0
Sore,0,0,0,0,0,0,0,0,0,0,0,0,0,0,0,0,0,0,0,0,0,0,0,0,0,0,0,0,0,2,0,0
Malam,0,0,0,0,0,0,0,0,0,0,0,0,0,0,0,0,0,0,0,0,0,0,0,0,0,0,0,0,0,4,4,7
